Name,ReleaseYear,Genre,TotalPrizePool,TotalTournaments,TotalPlayers,BiggestTournament,BiggestPrizePool,TournamentDate,TournamentLocation
Age of Empires,1997,Strategy,190075.61,95,246,Facebook Gaming Creators Cup 2019,11954,1/12/2020,vietnam
Age of Empires II,1999,Strategy,1417624.06,497,801,War is Coming,110000,3/23/2015,uae
Age of Empires III,2005,Strategy,66463.85,72,86,WCG 2007 (AoEIII),20000,10/7/2007,united states
Age of Empires Online,2011,Strategy,1800,5,11,Celeste Open Championship,500,11/26/2018,online
Age of Mythology,2002,Strategy,52360,6,22,WCG 2003 (Age of Mythology),35000,10/18/2003,south korea
Auto Chess,2019,Strategy,1076322.28,6,72,Auto Chess Invitational 2019,1000000,10/27/2019,china
Brawl Stars,2018,Strategy,94950,10,51,Brawl Stars World Championship 2020 March Finals,56250,3/8/2020,poland
Chess.com,2007,Strategy,678628.54,131,531,FIDE Online Nations Cup,180000,5/10/2020,online
chess24,2014,Strategy,627876.21,6,48,Magnus Carlsen Invitational,250000,5/3/2020,online
Clash of Clans,2012,Strategy,751576.87,3,77,Clash of Clans World Championship 2019,700000,10/27/2019,germany
Clash Royale,2016,Strategy,2293020.39,39,222,Clash Royale Crown Championship World Finals 2017,400000,12/3/2017,united kingdom
Command & Conquer 3,2007,Strategy,53086.67,8,9,WCG 2007 (C&C3),20000,10/7/2007,united states
Company of Heroes 2,2013,Strategy,8561.22,6,11,Grand Championship Series 2,4400,9/16/2018,united kingdom
ComPet,2016,Strategy,2000,1,50,ComPet Winter Championship,2000,1/2/2017,online
Dota Underlords,2019,Strategy,26024.18,36,62,WePlay! Dota Underlords Open,16750,8/4/2019,online
Endgods,2015,Strategy,0,0,0,NA,NA,NA,NA
Farming Simulator 19,2018,Strategy,158361.3,12,84,Farming Simulator League @ gamescom 2019,13351.37,8/24/2019,germany
Grey Goo,2015,Strategy,36400,5,18,Grey Goo Tournament Series Finals,29400,1/31/2016,united states
Lichess,2010,Strategy,404525,51,72,Clutch Chess: International,265000,6/14/2020,online
osu!,2007,Strategy,23100,7,971,OWC 2015,5000,12/13/2015,worldwide
Playchess.com,2002,Strategy,24005.23,4,76,Silkway Cup,23014.86,5/28/2020,online
Pokémon VGC,2017,Strategy,211500,24,170,Pokémon 2017 World Championships,51500,8/20/2017,united states
Prophecy,2020,Strategy,13000,4,27,Prophecy 10k #1 - June 2020,10000,6/6/2020,online
Rise of Nations: Rise of Legends,2006,Strategy,69600,1,8,"$100,000 Rise of the Ultimate Championship Tournament",69600,3/3/2007,united states
Sea of Thieves,2016,Strategy,0,0,0,NA,NA,NA,NA
StarCraft II,2010,Strategy,33164673.08,5865,2063,WCS 2017 Global Finals,700000,11/4/2017,united states
StarCraft: Brood War,1998,Strategy,8251181.43,571,674,GOMTV MSL #2 2007,126451.2,7/14/2007,south korea
Super Mario Party,2018,Strategy,220,1,4,The Pinnacle 2018 (SMP),220,12/29/2018,united states
Supreme Commander,2007,Strategy,4901.26,1,0,i30 (SupCom),4901.26,4/9/2007,united kingdom
Supreme Commander: Forged Alliance,2007,Strategy,1290.01,1,0,i33 (SupCom:FA),1290.01,3/24/2008,united kingdom
Teamfight Tactics,2019,Strategy,604313.65,13,143,Galaxies Showcase,150250,3/13/2020,online
TEPPEN,2019,Strategy,456721.47,1,12,Teppen World Championship 2019,456721.47,12/21/2019,japen
Tetr.io,2020,Strategy,1753.09,6,8,WPL Tetr.io Open #2,324.43,5/2/2020,online
UNO,2016,Strategy,20000,2,16,Twitch Rivals: Uno Showdown - Pool A,10000,1/10/2020,online
WarCraft III,2002,Strategy,5811479.73,1335,558,World Cyber Arena 2015 (WC3),100260.68,12/20/2015,china
WarCraft III: Reforged,2020,Strategy,89667.43,50,55,DreamHack Anaheim 2020 (WC3),25000,2/23/2020,united states
"Warhammer 40,000: Dawn of War",2005,Strategy,79816.5,3,7,"WCG 2006 (Warhammer 40,000)",43000,10/22/2006,italy
"Warhammer 40,000: Dawn of War II",2009,Strategy,0,0,0,NA,NA,NA,NA
Warparty,2019,Strategy,1000,1,4,CotSAI,1000,5/12/2019,online
Windjammers,1994,Strategy,4132.16,10,31,Stunfest 2019 (WJ),1116.75,5/19/2019,france
World in Conflict,2007,Strategy,293338.23,11,38,CPL World Tour Finals 2007 (World in Conflict),200000,2/28/2008,united states
World of Tanks,2010,Strategy,3656496.59,50,403,World Cyber Arena 2015 (WoT),308494.4,12/20/2015,china
World of Tanks Blitz,2016,Strategy,63330,6,14,Blitz Twister Cup 2017,30000,11/11/2017,belarus
Aliens versus Predator 2,2001,First-Person Shooter,40000,1,1,CPL World Championship 2001 (AvP2),40000,12/9/2001,united states
Battalion 1944,2018,First-Person Shooter,185654.67,21,114,Blitzkrieg Masters 2018,50000,9/30/2018,netherlands
Battalion 1944,2018,First-Person Shooter,0,0,0,NA,NA,NA,NA
Battlefield 1,2016,First-Person Shooter,0,0,0,NA,NA,NA,NA
Battlefield 2,2005,First-Person Shooter,91715.22,12,0,CGI 2006 (BF2),50000,7/23/2006,united states
Battlefield 2142,2006,First-Person Shooter,18546.14,4,0,Assembly Winter 2007 (BF2142),13644.88,4/29/2007,finland
Battlefield 3,2011,First-Person Shooter,25407.46,7,5,DreamHack Summer 2012 (Battlefield 3),7110.86,6/18/2012,sweden
Battlefield 4,2013,First-Person Shooter,245766.46,145,204,ESL One BF4 Spring Finals 2015,37171.2,4/19/2015,germany
Battlefield 5,2018,First-Person Shooter,0,0,0,NA,NA,NA,NA
Battlefield Hardline,2015,First-Person Shooter,13463.28,1,20,DreamHack Tours 2015 (BF Hardline),13463.28,5/8/2015,france
Big Buck Hunter Arcade,2016,First-Person Shooter,76200,1,3,2019 Big Buck World Championship,76200,10/12/2019,united states
Black Squad,2017,First-Person Shooter,8480.72,17,57,Go4BlackSquad Europe Champions Cup 2019,3440.72,1/13/2019,online
Borderlands 3,2019,First-Person Shooter,0,0,0,NA,NA,NA,NA
Call of Duty,2003,First-Person Shooter,50629.77,3,51,CPL Summer 2004 (CoD),50000,8/1/2004,united states
Call of Duty 2,2005,First-Person Shooter,66828.51,17,41,WSVG Dallas 2007 (Call of Duty 2),20000,7/8/2007,united states
Call of Duty 4: Modern Warfare,2007,First-Person Shooter,420331.47,86,422,the eXperience 2008 (CoD4),38914.41,8/2/2008,denmark
Call of Duty: Advanced Warfare,2014,First-Person Shooter,2608808.93,404,784,Call of Duty Championship 2015,1000000,3/29/2015,united states
Call of Duty: Black Ops,2010,First-Person Shooter,347393.48,22,117,MLG Providence 2011 (CoD: Black Ops),140000,11/20/2011,united states
Call of Duty: Black Ops 2,2012,First-Person Shooter,1467139.25,53,184,Call of Duty Championship 2013,1000000,4/7/2013,united states
Call of Duty: Black Ops 4,2018,First-Person Shooter,7264452,81,437,CWL Championship 2019,2000000,8/18/2019,united states
Call of Duty: Black Ops III,2015,First-Person Shooter,3939783.29,78,420,Call of Duty XP Championship 2016,2000000,9/4/2016,united states
Call of Duty: Ghosts,2013,First-Person Shooter,1594185.25,76,199,Call of Duty Championship 2014,1000000,3/30/2014,united states
Call of Duty: Infinite Warfare,2016,First-Person Shooter,4156205.06,80,341,CWL Championship 2017,1525000,8/13/2017,united states
Call of Duty: Mobile,2019,First-Person Shooter,0,0,0,NA,NA,NA,NA
Call of Duty: Modern Warfare,2019,First-Person Shooter,1529784.5,34,243,CDC Minnesota Open 2020,250000,1/26/2020,united states
Call of Duty: Modern Warfare 2,2009,First-Person Shooter,60010.64,8,40,MLG Dallas 2010 (CoD:MW2),23000,11/7/2010,united states
Call of Duty: Modern Warfare 3,2011,First-Person Shooter,1134475.66,39,206,Call of Duty XP,1000000,9/3/2011,united states
Call of Duty: Warzone,2020,First-Person Shooter,1047163.37,45,307,Warzone Royal Ruckus 2020,80000,6/12/2020,online
Call of Duty: World War II,2017,First-Person Shooter,4559271,64,266,CWL Championship 2018,1500000,8/19/2018,united states
Counter-Strike,2000,First-Person Shooter,13492961.87,994,4137,CPL Summer 2003 (Counter-Strike),200000,8/3/2003,united states
Counter-Strike Online,2016,First-Person Shooter,406989.6,12,70,Counter Strike Online World Championship 2016,40000,12/4/2016,taiwan
Counter-Strike: Condition Zero,2004,First-Person Shooter,162150.6,3,111,WCG 2004 (CS:Condition Zero),85000,10/10/2004,united states
Counter-Strike: Global Offensive,2012,First-Person Shooter,98822108.09,5083,12901,WESG 2016 (CS:GO),1500000,1/15/2017,china
Counter-Strike: Source,2004,First-Person Shooter,3115972.29,333,1499,CGS 2007 (CS: Source),477500,12/15/2007,united states
Critical Ops,2015,First-Person Shooter,12606.41,3,4,C-Ops Championship series,10000,8/20/2017,online
CrossFire,2007,First-Person Shooter,6448845.02,306,629,CrossFire Stars 2018,900000,12/9/2018,china
Crysis,2007,First-Person Shooter,11340.95,2,0,i32 (Crysis),8364,11/11/2007,united kingdom
Day of Defeat,2003,First-Person Shooter,50300,3,37,CPL Summer 2005 (Day of Defeat),30000,7/10/2005,united states
Day of Defeat: Source,2005,First-Person Shooter,14068.57,8,50,MaxLAN 2009 (DOD:S),3715,11/22/2009,france
Descent 3,1999,First-Person Shooter,50000,1,1,"Descent 3 $50,000 Tournament",50000,8/28/1999,united states
Diabotical,2020,First-Person Shooter,5535.93,13,46,Juked Diabotical Duel Cup #1,2000,3/8/2020,online
Doom (2016),2016,First-Person Shooter,7000,1,6,QuakeCon 2017: DOOM CA 2vs2,7000,8/27/2017,united states
Doom 3,2004,First-Person Shooter,257748.16,4,14,ACOM Fatal1ty Shootout,120748.16,10/15/2004,china
Doom II: Hell on Earth,1994,First-Person Shooter,1000,2,1,QuakeCon 2013 (Doom II),1000,8/3/2013,united states
Echo Arena,2017,First-Person Shooter,0,0,0,NA,NA,NA,NA
Enemy Territory: Quake Wars,2007,First-Person Shooter,60923.12,4,27,QuakeCon 2007 (ET:QW),50000,8/5/2007,united states
Escape from Tarkov,2020,First-Person Shooter,54600,2,3,Twitch Rivals: Escape from Tarkov Showdown - EU,27300,4/14/2020,online
Evolve,2015,First-Person Shooter,131509.05,33,110,Evolve Proving Grounds - Finals,100000,6/15/2015,united states
F.E.A.R.,2005,First-Person Shooter,178000,5,20,CPL World Tour Finals 2007 (F.E.A.R.),100000,2/28/2008,united states
Ghost Recon Advanced Warfighter,2006,First-Person Shooter,24000,2,0,WSVG Finals 2006 (GRAW),16000,12/10/2006,united states
Gray Basin,2015,First-Person Shooter,0,0,0,NA,NA,NA,NA
Gundam Versus,2017,First-Person Shooter,280,1,6,CEOtaku 2017 (Gundam Versus 2v2),280,9/24/2017,united states
Guns of Boom,2017,First-Person Shooter,198750,21,8,Guns of Boom Season 1 Finals,100000,11/18/2018,united states
Halo 2,2004,First-Person Shooter,1489362.47,71,119,MLG Las Vegas 2007 (Halo 2 4v4),280000,10/14/2007,united states
Halo 2 Anniversary,2014,First-Person Shooter,468705.05,20,97,HCS Season 2 Finals,150000,7/26/2015,united states
Halo 3,2007,First-Person Shooter,2158079.4,41,210,MLG Dallas 2010 (Halo 3),280000,11/7/2010,united states
Halo 4,2012,First-Person Shooter,430748.76,19,66,Halo 4 Global Championship,300000,9/1/2013,united states
Halo 5: Guardians,2015,First-Person Shooter,7071480.97,75,233,Halo World Championship 2016,2500000,3/20/2016,united states
Halo: Combat Evolved,2001,First-Person Shooter,299281,39,114,CPL Summer 2004 (Halo),50000,8/1/2004,united states
Halo: Infinite,2020,First-Person Shooter,0,0,0,NA,NA,NA,NA
Halo: Reach,2010,First-Person Shooter,822089.97,29,101,MLG Providence 2011 (Halo: Reach),280000,11/20/2011,united states
Ironsight,2018,First-Person Shooter,0,0,0,NA,NA,NA,NA
Islands of Nyne,2017,First-Person Shooter,0,0,0,NA,NA,NA,NA
MechWarrior Online,2013,First-Person Shooter,143490,1,0,MechWarrior Online World Championship 2016,143490,12/3/2016,canada
Metal Gear Online,2008,First-Person Shooter,8000,8,37,Go4MGO Asia January Monthly Finals,1000,2/13/2016,online
Overwatch,2016,First-Person Shooter,22028183.28,739,3491,Overwatch League - Season 2 Playoffs,3500000,9/29/2019,united states
Painkiller,2004,First-Person Shooter,1015000,13,48,CPL World Tour Finals 2005,510000,11/22/2005,united states
Paladins,2015,First-Person Shooter,1530026.63,30,188,Dreamhack HRX 2019: Paladins World Championship 2019,300000,11/17/2019,united states
Point Blank,2008,First-Person Shooter,699167.75,32,297,Point Blank 2016 International Championship,100000,9/25/2016,thailand
Quake 4,2005,First-Person Shooter,556678.51,52,100,WSVG ISC 2006 (Quake 4),71000,7/9/2006,united states
Quake Champions,2017,First-Person Shooter,2245908.25,198,210,Quake World Championship 2017: Sacrifice Tournament,660000,8/26/2017,united states
Quake II,1997,First-Person Shooter,140179.5,10,32,PGL Season 4 (Quake 2),27400,5/22/1999,united states
Quake III Arena,1999,First-Person Shooter,1137832.19,100,243,Babbage's CPL Tournament (Quake III Arena),100000,12/17/2000,united states
Quake Live,2010,First-Person Shooter,682294.04,410,213,QuakeCon 2011 (Quake Live 4v4 TDM),28000,8/7/2011,united states
QuakeWorld,1996,First-Person Shooter,99083.7,14,47,QuakeCon 2016 (QuakeWorld 2v2),25000,8/7/2016,united states
Rage,2011,First-Person Shooter,5000,1,3,QuakeCon 2017: Carnage Tournament,5000,8/26/2017,united states
Rainbow Six Siege,2015,First-Person Shooter,12159469.7,226,1527,Six Invitational 2020,3000000,2/16/2020,canada
Rainbow Six: Vegas,2006,First-Person Shooter,176400.77,7,137,MLG Las Vegas 2007 (R6:Vegas),84000,10/14/2007,united states
Rainbow Six: Vegas 2,2008,First-Person Shooter,79000,8,0,MLG Las Vegas 2008 (R6:Vegas 2),34000,11/23/2008,united states
Realm Royale,2018,First-Person Shooter,263000,9,47,Keemstar's Thursday Realm Royale Invitational,100000,7/19/2018,online
Reflex,2015,First-Person Shooter,2158.4,7,21,BOXR: Reflex 01,1035,9/27/2015,online
Return to Castle Wolfenstein,2001,First-Person Shooter,67424.3,3,30,QuakeCon 2002 (RTCW),53000,8/18/2002,united states
S.K.I.L.L. - Special Force 2,2013,First-Person Shooter,132532.93,21,82,ESL S.K.I.L.L. Pro League Season 1 Finals,57559.33,8/6/2015,germany
S.T.A.L.K.E.R.: Shadow of Chernobyl,2007,First-Person Shooter,4901.26,1,0,i30 (Stalker),4901.26,4/9/2007,united kingdom
Shadowrun,2007,First-Person Shooter,24000,3,0,MLG Las Vegas 2007 (Shadowrun),16000,10/14/2007,united states
ShootMania Storm,2013,First-Person Shooter,261687.04,40,80,ShootMania Launch Tournament,100000,4/7/2013,united states
Special Force,2004,First-Person Shooter,130250,3,0,Special Force Proleague 2010 Season 2,44650,3/11/2011,south korea
Splatoon,2015,First-Person Shooter,1390,4,3,Inkstorm I,720,10/11/2015,online
Splatoon 2,2017,First-Person Shooter,10055,7,13,Smash N Splash 4,2000,6/3/2018,united states
Star Wars Jedi Knight II: Jedi Outcast,2002,First-Person Shooter,7679.25,1,0,EPS Germany 1 Finals (Jedi Knight 2),7679.25,12/15/2002,germany
Sudden Attack,2005,First-Person Shooter,0,0,0,NA,NA,NA,NA
Team Fortress 2,2007,First-Person Shooter,715461.6,194,1353,PC Gamer Showdown,27599.92,9/28/2008,united kingdom
Uncharted 4: A Thief's End,2016,First-Person Shooter,46235.07,1,5,Canadian Championship Uncharted 4,46235.07,8/21/2016,canada
Unreal Tournament,1999,First-Person Shooter,89000,5,14,WCG 2002 (Unreal Tournament),43000,11/3/2002,south korea
Unreal Tournament (2016),2016,First-Person Shooter,5084.97,8,82,UTPL 2020 Spring Epic,1871.41,3/23/2020,online
Unreal Tournament 2003,2002,First-Person Shooter,147473.91,14,33,WCG 2003 (UT2003),35000,10/18/2003,south korea
Unreal Tournament 2004,2004,First-Person Shooter,133969.33,12,41,CPL Summer 2004 (UT2004),50000,8/1/2004,united states
Unreal Tournament 3,2007,First-Person Shooter,104977.82,4,7,Play.com UT3 National Championship (5v5 iCTF),60803.83,3/16/2008,united kingdom
VALORANT,2020,First-Person Shooter,481578.58,121,811,T1 x Nerd Street Gamers Showdown,50000,6/28/2020,online
Warface,2013,First-Person Shooter,109555,2,32,Warface Open Cup XIII,63495,6/10/2018,belarus
Warsow,2012,First-Person Shooter,183,1,2,WDC Sweden 2018,183,3/31/2018,sweden
Wolfenstein: Enemy Territory,2003,First-Person Shooter,140963.24,18,152,QuakeCon 2005 (ET),50000,8/14/2005,united states
Xonotic,2010,First-Person Shooter,2743.21,20,123,XDWC2016,943.24,3/27/2016,europe
Zula,2015,First-Person Shooter,100000,1,20,Zula World Cup 2018,100000,4/7/2018,turkey
Arena of Valor,2015,Multiplayer Online Battle Arena,14556095.63,49,536,Honor of Kings World Champion Cup 2019,2166994.19,8/10/2019,china
Battlerite,2016,Multiplayer Online Battle Arena,65173.45,75,86,Battlerite Pro League Season 1,28000,6/17/2018,sweden
Bloodline Champions,2011,Multiplayer Online Battle Arena,41905.32,12,43,StarLadder StarSeries - Season 1 (Bloodline Champions),10850,4/29/2012,online
Creative Destruction,2018,Multiplayer Online Battle Arena,100000,1,8,KEEMSTAR and UMG Creative Destruction Tournament,100000,12/22/2018,online
Defense of the Ancients,2003,Multiplayer Online Battle Arena,857420.65,94,468,ACE Dota Pro-league 2012 Season 1,45905.68,9/14/2012,china
Dofus,2004,Multiplayer Online Battle Arena,0,0,0,NA,NA,NA,NA
Dota 2,2013,Multiplayer Online Battle Arena,225192531.5,1397,3693,The International 2019,34330069,8/25/2019,china
Heavy Metal Machines,2017,Multiplayer Online Battle Arena,12339.33,1,35,Heavye Metal Machines European Championship Finals,12339.33,7/30/2017,online
Heroes of Newerth,2010,Multiplayer Online Battle Arena,2915206.56,371,816,HON Pre Season of Professional League 2015,236185.14,11/8/2015,china
Heroes of the Storm,2015,Multiplayer Online Battle Arena,18170133.73,459,1205,HGC 2016 - Fall Finals,1000000,11/5/2016,united states
League of Legends,2009,Multiplayer Online Battle Arena,75571470.8,2439,6947,LoL 2018 World Championship,6450000,11/3/2018,south korea
Legend of Glory,2015,Multiplayer Online Battle Arena,472.66,1,0,XLG #1,472.66,5/28/2015,online
Minecraft,2011,Multiplayer Online Battle Arena,84839.15,11,22,Minecraft Monday 2019-06-24,10000,6/24/2019,online
MOBA Legends,2016,Multiplayer Online Battle Arena,225,1,3,ESL Go4MOBALegends #13 North America,225,12/17/2016,online
Mobile Legends: Bang Bang,2016,Multiplayer Online Battle Arena,0,0,0,NA,NA,NA,NA
Shards of War,2015,Multiplayer Online Battle Arena,1029.21,1,20,Go4ShardsofWar Monthly Final September 2015,1029.21,10/14/2015,online
SMITE,2014,Multiplayer Online Battle Arena,8640112.75,95,522,Smite World Championship 2015,2612259,1/11/2015,united states
Splitgate: Arena Warfare,2019,Multiplayer Online Battle Arena,50000,2,64,Twitch Rivals Splitgate Tournament (NA 1),25000,5/28/2019,online
Teeworlds,2007,Multiplayer Online Battle Arena,0,0,0,NA,NA,NA,NA
Vainglory,2014,Multiplayer Online Battle Arena,797421.19,35,247,2016 World Championship,120000,12/4/2016,united states
Blade & Soul,2012,Role-Playing Game,409355.52,5,51,Blade & Soul 2017 World Championship,149772,9/29/2017,south korea
Guild Wars 2,2012,Role-Playing Game,476005.5,57,152,Guild Wars 2 Pro League Season 1 Finals,100000,2/20/2016,united kingdom
Old School Runescape,2013,Role-Playing Game,422504.2,22,66,Deadman Invitational Autumn 2018,32000,9/15/2018,online
Red Stone,2004,Role-Playing Game,58000,2,12,WCG 2008 (Red Stone),35000,11/9/2008,germany
World of WarCraft,2004,Role-Playing Game,4957837.61,118,413,BlizzCon 2019 (WoW),330000,11/2/2019,united states
Acceleration of SUGURI 2,2018,Fighting Game,210,1,3,CEOtaku 2019 (AoS2),210,9/29/2019,united states
Aquapazza: Aquaplus Dream Match,2011,Fighting Game,245,2,5,CEOtaku 2016 (Aquapazza),160,10/2/2016,united states
Arcana Heart 3,2009,Fighting Game,1000,1,4,ReveLAtions 2011 (Arcana Heart 3),1000,6/12/2011,united states
Arcana Heart 3: Love Max Six Stars!!!!!,2014,Fighting Game,520,3,7,Frosty Faustings X: Arcana Heart 3: Love Max Six Stars!!!!!,250,1/20/2018,united states
Arcana Heart 3: LOVE MAX!!!!!,2013,Fighting Game,410,2,6,CEOtaku 2016 (AH3:LM),210,10/2/2016,united states
ARMS,2017,Fighting Game,18198.09,81,95,Winter Brawl 12,1770,2/25/2018,united states
Attack on Titan Tribute Game,2013,Fighting Game,1570513.53,75,99,AoTTG World Championship 2019,100000,11/9/2019,online
BlazBlue: Calamity Trigger,2008,Fighting Game,35,1,3,Test Your Might VII / OC#3 (BlazBlue),35,9/12/2009,united states
BlazBlue: Central Fiction,2015,Fighting Game,78582.42,34,81,ARCREVO America 2019 (BBCF),33000,11/17/2019,united states
BlazBlue: Chronophantasma,2012,Fighting Game,37020.58,15,63,Evo 2014 (BlazBlue),35080,7/13/2014,united states
BlazBlue: Chronophantasma Extend,2015,Fighting Game,4918.77,11,28,Anime Ascension (BlazBlue),2460,2/28/2016,united states
BlazBlue: Continuum Shift Extend,2011,Fighting Game,0,1,3,ECT V (BlazBlue:CSE),0,5/19/2013,united states
BlazBlue: Continuum Shift II,2010,Fighting Game,24591.01,5,14,BlazBlue Revolution,16999.58,3/24/2012,japen
BlazBlue: Cross Tag Battle,2018,Fighting Game,82800.03,31,89,ARCREVO America 2019 (BBTag),33000,11/17/2019,united states
Brawlhalla,2015,Fighting Game,1164012.39,389,502,Brawlhalla World Championship 2017 - 1v1,50000,11/5/2017,united states
Brawlout,2017,Fighting Game,0,0,0,NA,NA,NA,NA
Capcom vs. SNK,2000,Fighting Game,140,2,6,CEO 2010 (CvS),140,6/6/2010,united states
Capcom vs. SNK 2,2001,Fighting Game,24186.79,19,36,Evo 2006 (CvSNK2),10250,8/20/2006,united states
Chaos Code: New Sign of Catastrophe,2013,Fighting Game,140,1,3,CEOtaku 2017 (CC:NSoC),140,9/24/2017,united states
Dead or Alive 4,2005,Fighting Game,497745.31,13,45,CGS 2007 (DoA4),216000,12/15/2007,united states
Dead or Alive 5,2012,Fighting Game,0,2,4,Canada Cup 2012 (Dead or Alive 5),0,10/28/2012,canada
Dead or Alive 5 Ultimate,2013,Fighting Game,0,7,37,Absolute Battle 4 (DoA5U),0,11/10/2013,united states
Dead or Alive 5: Last Round,2015,Fighting Game,8163.82,19,45,Summer Jam 9 (DoA5:LR),1880,8/30/2015,united states
Dead or Alive 6,2019,Fighting Game,63822.54,16,57,CEO 2019 (DoA6),8870,6/30/2019,united states
Dead or Alive Ultimate,2004,Fighting Game,30000,1,3,WCG 2005 (DoAU),30000,11/20/2005,singapore
Dengeki Bunko: Fighting Climax,2014,Fighting Game,60,1,3,SoCal Regionals 2015 (DFC),60,10/11/2015,united states
Dengeki Bunko: Fighting Climax Ignition,2015,Fighting Game,2667.3,8,27,Climax of Night [re:run] (DB:FCI),590,10/27/2019,united states
Divekick,2013,Fighting Game,5840,11,27,CEO 2013 (Divekick),2300,6/30/2013,united states
Dragon Ball FighterZ,2018,Fighting Game,337985.4,73,159,Dragon Ball FighterZ World Tour Finals 2019-20,80000,2/9/2020,france
Dragon Ball Z: Budokai 3,2004,Fighting Game,204.06,1,3,Alberta Beat Down 2013 (DBZ: Budokai 3),204.06,8/11/2013,canada
Fantasy Strike,2019,Fighting Game,2610,1,8,Frosty Faustings XII (FS),2610,1/18/2020,united states
Fighter's History Dynamite,1994,Fighting Game,195,1,3,AnimEVO 2019 (FHD),195,8/2/2019,united states
Fighting EX Layer,2018,Fighting Game,1632.96,6,14,Summer Jam 12 (FEL),600,9/2/2018,united states
Garou: Mark of the Wolves,1999,Fighting Game,513.71,3,10,AnimEVO 2019 (Garou),225,8/2/2019,united states
Guilty Gear,1998,Fighting Game,32,1,3,AnimEVO 2019 (GG),32,8/3/2019,united states
Guilty Gear Xrd -REVELATOR-,2016,Fighting Game,36437.43,19,61,Evo 2016 (GGXrd),19100,7/17/2016,united states
Guilty Gear Xrd -SIGN-,2014,Fighting Game,37445.66,38,80,Evo 2015 (GGXrd),19680,7/19/2015,united states
Guilty Gear Xrd REV 2,2017,Fighting Game,116554.7,48,98,ARCREVO America 2019 (GGXrd),33000,11/17/2019,united states
Guilty Gear XX,2002,Fighting Game,0,2,5,Evo 2003 (GGXX),0,8/10/2003,united states
Guilty Gear XX #Reload,2003,Fighting Game,0,1,3,Evo 2005 (GGXX #Reload),0,8/14/2005,united states
Guilty Gear XX Accent Core,2007,Fighting Game,10365,4,33,Evo 2007 (GGXX AC 2v2),10250,8/26/2007,united states
Guilty Gear XX Accent Core Plus,2008,Fighting Game,0,1,3,Evo 2009 (GGXX AC Plus),0,7/19/2009,united states
Guilty Gear XX Accent Core Plus R,2012,Fighting Game,4640,19,61,Frosty Faustings XII (GGXXAC+R),550,1/17/2020,united states
Guilty Gear XX Slash,2005,Fighting Game,10250,2,6,Evo 2006 (GGXX Slash 3v3),10250,8/20/2006,united states
Hokuto no Ken,2005,Fighting Game,145,1,3,AnimEVO 2019 (HnK),145,8/4/2019,united states
Hyper Street Fighter II,2003,Fighting Game,10250,1,8,Evo 2006 (Hyper SFII),10250,8/20/2006,united states
Injustice 2,2017,Fighting Game,835742.83,37,81,ELEAGUE Injustice 2 World Championship 2017,250000,11/10/2017,united states
Injustice: Gods Among Us,2013,Fighting Game,35176.89,117,101,MLG Anaheim 2014 (Injustice),7500,6/22/2014,united states
Kill la Kill the Game: IF,2019,Fighting Game,770,3,9,AnimEVO 2019 (Kill la Kill),470,8/3/2019,united states
Killer Instinct (2013),2013,Fighting Game,224416.96,52,126,Evo 2015 (Killer Instinct),53970,7/18/2015,united states
King of Fighters 2002 Unlimited Match,2009,Fighting Game,760,2,6,Combo Breaker 2016 (KoF2002),380,5/29/2016,united states
King of Fighters 98,1998,Fighting Game,7945.57,3,7,NeoGeo World Tour 2 Global Finals (KoF98),7399.51,7/14/2019,taiwan
King of Fighters XI,2005,Fighting Game,25,1,3,Impact Clash IV (KoFXI),25,4/25/2009,united states
King of Fighters XIII,2010,Fighting Game,44724.28,43,107,MLG Winter Championship 2012 (KoFXIII),16700,3/25/2012,united states
King of Fighters XIV,2016,Fighting Game,72892.09,36,88,Evo 2017 (KoFXIV),17740,7/14/2017,united states
Koihime Enbu,2016,Fighting Game,1615,5,12,CEOtaku 2018 (Koihimu Enbu),590,9/23/2018,united states
Lethal League Blaze,2018,Fighting Game,1872.9,6,13,Stunfest 2019 (LLB),1116.75,5/19/2019,france
Marvel vs. Capcom 2,2000,Fighting Game,39050,27,58,WCW3 MvC2 $15k Money Match,15000,1/16/2011,united states
Marvel vs. Capcom 3,2011,Fighting Game,22343.62,12,38,Evo 2011 (MvC3),10720,7/31/2011,united states
Marvel vs. Capcom: Infinite,2017,Fighting Game,42482.12,19,49,Battle for the Stones Finals,30000,12/10/2017,united states
Melty Blood: Actress Again,2009,Fighting Game,0,2,10,Evo 2010 (Melty Blood:AA),0,7/11/2010,united states
Melty Blood: Actress Again Current Code,2010,Fighting Game,6135,11,33,Climax of Night [re:run] (MB:AACC),1040,10/27/2019,united states
Million Arthur: Arcana Blood,2017,Fighting Game,7420,2,6,AnimEVO 2019 (MA:AB),7000,8/3/2019,united states
Mordhau,2019,Fighting Game,123,1,0,Ring Viewers Tourney 2v2,123,7/25/2019,europe
Mortal Kombat 11,2019,Fighting Game,392602.33,37,158,Final Kombat 2020,100000,3/8/2020,united states
Mortal Kombat 9,2011,Fighting Game,136891.67,26,67,MLG Winter Championship 2012 (Mortal Kombat 9),33400,3/25/2012,united states
Mortal Kombat vs. DC Universe,2008,Fighting Game,0,1,3,WCW3 (MKvDC),0,1/16/2011,united states
Mortal Kombat X,2015,Fighting Game,523532.42,62,100,ESL MKX Pro League Season 3 Finals,200000,6/11/2016,united states
Mortal Kombat XL,2016,Fighting Game,129203.79,17,50,Evo 2016 (MKXL),57130,7/17/2016,united states
Mystery Game Tournament,2019,Fighting Game,10995,8,56,Combo Breaker 2019 (Mystery),2560,5/26/2019,united states
Naruto Shippuden: Ultimate Ninja Storm 4,2016,Fighting Game,4550,5,7,WWG Chicago 2016 (Naruto Shippuden 4),1000,8/21/2016,united states
Nitroplus Blasterz: Heroines Infinite Duel,2015,Fighting Game,1994,4,10,NorCal Regionals 2016 (NB:HID),1120,3/27/2016,united states
Persona 4 Arena,2012,Fighting Game,6336.63,11,42,Evo 2013 (P4A),4000,7/12/2013,united states
Persona 4 Arena Ultimax,2013,Fighting Game,18828.16,19,58,Evo 2015 (P4AU),14370,7/17/2015,united states
Pokkén Tournament,2016,Fighting Game,77016.66,25,62,Evo 2016 (Pokken),21800,7/17/2016,united states
Pokkén Tournament DX,2017,Fighting Game,20075.4,25,41,Oceania International Championships (Pokken DX),5000,2/17/2019,australia
Power Rangers: Battle for the Grid,2019,Fighting Game,1050,2,6,Siv's Fighter Tournament 5,850,6/21/2019,online
Power Rangers: Legacy Wars,2017,Fighting Game,4178.55,1,2,M Sport Nationals (Power Rangers: Legacy Wars),4178.55,12/3/2017,sweden
Project Justice,2000,Fighting Game,165,1,3,AnimEVO 2019 (PJ),165,8/3/2019,united states
Project M,2010,Fighting Game,205292.09,335,560,Paragon Los Angeles 2015 (Project M),9050,9/6/2015,united states
Rising Thunder,2015,Fighting Game,1000,1,3,SoCal Regionals 2015 (Rising Thunder),1000,10/11/2015,united states
Rivals of Aether,2015,Fighting Game,37587,12,38,GENESIS 7: RoA,18092,1/26/2020,united states
Sailor Moon S,1995,Fighting Game,3191.19,10,15,Canada Cup 2018 (SMS),763,10/28/2018,canada
Samurai Shodown (2019),2019,Fighting Game,68009.91,15,58,Evo 2019 (Samurai Shodown),47290,8/3/2019,united states
Samurai Shodown V Special,2004,Fighting Game,490.11,4,13,CEOtaku 2019 (SSVS),190,9/29/2019,united states
Shovel Knight Showdown,2019,Fighting Game,60,1,3,Hard Read Ultimate #49 Showdown Singles,60,12/21/2019,united states
Skullgirls,2012,Fighting Game,300,1,3,CEO 2013 (Skullgirls),300,6/30/2013,united states
Skullgirls 2nd Encore,2015,Fighting Game,17871,11,33,Combo Breaker 2019 (SG2nd),4820,5/26/2019,united states
Skullgirls Encore,2014,Fighting Game,9155.4,13,37,Combo Breaker 2016 (SG:Encore),4530,5/29/2016,united states
SNK Heroines: Tag Team Frenzy,2018,Fighting Game,430,1,3,CEOtaku 2018 (SNK Heroines),430,9/23/2018,united states
Soul Calibur II,2003,Fighting Game,4790,7,15,MLG New York Championships 2004 (Soul Calibur II),2700,10/26/2004,united states
Soul Calibur II HD Online,2013,Fighting Game,945.41,5,29,Combo Breaker 2017 (Soul Calibur II HD),650,5/28/2017,united states
Soul Calibur IV,2008,Fighting Game,100260,3,4,WCG Ultimate Gamer Season 1,100000,10/3/2010,united states
Soul Calibur V,2012,Fighting Game,60008.54,26,78,MLG Spring Championship 2012 (Soul Calibur V),16700,6/10/2012,united states
Soul Calibur VI,2018,Fighting Game,94795.21,36,96,SoulCalibur World Invitational,25000,11/2/2019,united states
Street Fighter Alpha 2,1996,Fighting Game,1390,8,17,Combo Breaker 2019 (SFA2),410,5/26/2019,united states
Street Fighter Alpha 3,1998,Fighting Game,300,4,15,Summer Jam 12 (SFA3),300,9/2/2018,united states
Street Fighter EX2 Plus,1999,Fighting Game,350,2,5,Combo Breaker 2019 (SFEX2P),190,5/26/2019,united states
Street Fighter III: 3rd Strike,1999,Fighting Game,49278.86,34,81,Evo 2006 (SFIII: 3rd Strike),10250,8/20/2006,united states
Street Fighter IV,2009,Fighting Game,7938.22,12,41,GODSGARDEN #2,2767.21,3/6/2010,japen
Street Fighter V,2016,Fighting Game,2202726.43,120,233,Capcom Cup 2017,380000,12/10/2017,united states
Street Fighter V: Arcade Edition,2018,Fighting Game,2017135.95,100,229,Capcom Cup 2019,379500,12/15/2019,united states
Street Fighter V: Champion Edition,2020,Fighting Game,1000,1,4,DreamHack Anaheim 2020 (SFV:CE),1000,2/23/2020,united states
Street Fighter X Tekken,2012,Fighting Game,84090.64,93,115,Street Fighter 25th Ann. - Grand Finals (SFxT),53700,12/8/2012,united states
Super Smash Bros.,1999,Fighting Game,68042.81,121,233,Super Smash Con (SSB Singles),6540,8/9/2015,united states
Super Smash Bros. Brawl,2008,Fighting Game,246715.83,344,499,MLG Dallas 2010 (SSBB),35000,11/7/2010,united states
Super Smash Bros. for Wii U,2014,Fighting Game,1511976.47,1022,1264,2GGC,50000,12/3/2017,united states
Super Smash Bros. Melee,2001,Fighting Game,3181748.69,2604,1875,Smash Summit 5 (Singles),83758,11/5/2017,united states
Super Smash Bros. Ultimate,2018,Fighting Game,1275543.66,1135,1834,Smash Ultimate Summit (Singles),51995.72,3/10/2019,united states
Super Street Fighter II Turbo,1994,Fighting Game,23678.05,44,104,Evo 2007 (SSFII Turbo),10250,8/26/2007,united states
Super Street Fighter II Turbo HD Remix,2008,Fighting Game,16360,8,29,Street Fighter 25th Ann. - Grand Finals (SFII Turbo HD),10000,12/8/2012,united states
Super Street Fighter IV,2010,Fighting Game,20877.3,16,40,ESWC 2010 (SSF IV),14000,7/4/2010,france
Super Street Fighter IV Arcade Edition,2010,Fighting Game,343878.08,202,153,Street Fighter 25th Ann. - Grand Finals (SSFIV:AE),53700,12/8/2012,united states
Tatsunoko vs. Capcom: Ultimate All-Stars,2010,Fighting Game,1330.81,8,13,Frosty Faustings XI: Tatsunoko vs. Capcom: Ultimate All-Stars,290,1/19/2019,united states
Teenage Mutant Ninja Turtles: Tournament Fighters,1993,Fighting Game,820,2,7,Combo Breaker 2019 (TMNT),500,5/26/2019,united states
Tekken 4,2001,Fighting Game,12500,4,4,IVGF Northwest Regional (Tekken 4),12500,3/1/2003,united states
Tekken 5,2004,Fighting Game,10250,9,10,Evo 2006 (Tekken 5),10250,8/20/2006,united states
Tekken 5: Dark Resurrection,2006,Fighting Game,12180,5,18,Evo 2007 (Tekken 5:DR),10250,8/26/2007,united states
Tekken 6,2007,Fighting Game,119874.64,30,59,MLG Dallas 2010 (Tekken 6),35000,11/7/2010,united states
Tekken 7,2015,Fighting Game,1592472.65,195,386,TWT Finals 2019,250000,12/8/2019,thailand
Tekken Tag Tournament,1999,Fighting Game,0,4,7,Evo 2003 (TTT),0,8/10/2003,united states
Tekken Tag Tournament 2,2011,Fighting Game,125965.7,138,142,E-Stars TTT2 Global Championship,21100,7/28/2012,south korea
Them's Fightin' Herds,2018,Fighting Game,190,1,3,CEOtaku 2019 (TFH),190,9/29/2019,united states
TowerFall: Ascension,2013,Fighting Game,0,0,0,NA,NA,NA,NA
Ultimate Marvel vs. Capcom 3,2011,Fighting Game,116733.16,169,190,Evo 2013 (UMvC3),13020,7/14/2013,united states
Ultimate Mortal Kombat 3,1995,Fighting Game,150,2,6,Combo Breaker 2015 (UMK3),150,5/24/2015,united states
Ultra Fight Da! Kyanta 2,2019,Fighting Game,320,1,3,AnimEVO 2019 (UFDK2),320,8/3/2019,united states
Ultra Street Fighter IV,2014,Fighting Game,816673.46,227,226,Capcom Cup 2015,250000,12/6/2015,united states
Umineko: Golden Fantasia,2010,Fighting Game,90,1,3,AnimEVO 2019 (U:GF),90,8/3/2019,united states
Under Night In-Birth EXE: Late,2014,Fighting Game,6025.76,23,52,Anime Ascension (UNIEL),1270,2/28/2016,united states
Under Night In-Birth EXE: Late[st],2015,Fighting Game,46553.33,34,98,Evo 2019 (UNIST),11570,8/3/2019,united states
Under Night In-Birth Exe:Late[cl-r],2020,Fighting Game,1000,1,4,DreamHack Anaheim 2020 (UNICLR),1000,2/23/2020,united states
Vampire Savior,1997,Fighting Game,8038.74,15,27,Combo Breaker 2018 (VS),1370,5/27/2018,united states
Virtua Fighter 4: Evolution,2002,Fighting Game,0,3,6,Evo 2003 (Virtua Fighter 4),0,8/10/2003,united states
Virtua Fighter 5,2007,Fighting Game,39830,7,14,WCG 2008 (Virtua Fighter 5),17500,11/9/2008,germany
Virtua Fighter 5 Final Showdown,2010,Fighting Game,573.77,6,28,Electric Cancel 2019 (VF5:FS),160,10/6/2019,united states
WWE 2K20,2019,Fighting Game,50000,2,20,Twitch Rivals WWE 2K20 Showdown - Bracket,40000,10/23/2019,online
Asphalt 4,2008,Racing,29500,2,5,WCG 2008 (Asphalt 4),17500,11/9/2008,germany
Asphalt 9: Legends,2018,Racing,51520,2,5,Milan Games Week 2019,31900,9/28/2019,italy
Assetto Corsa,2014,Racing,164776.1,25,68,Formula V Challenge Final 2019/20,30996,1/19/2020,switzerland
Assetto Corsa Competizione,2018,Racing,0,0,0,NA,NA,NA,NA
Dirt Rally 2.0,2019,Racing,10000,2,5,World Rally Championship 2020,5000,1/12/2020,united kingdom
F1 2018,2018,Racing,200000,1,21,F1 Esports 2018,200000,11/17/2018,united kingdom
F1 2019,2019,Racing,538047.38,2,25,F1 Esports Pro Series 2019,500000,12/4/2019,united kingdom
Forza Motorsport 2,2007,Racing,222000,2,17,CGS 2008 (Forza Motorsport 2),207000,7/28/2008,united states
Forza Motorsport 3,2009,Racing,11000,2,3,WCG 2010 (Forza Motorsport 3),11000,10/3/2010,united states
Forza Motorsport 4,2011,Racing,132.37,1,2,Assembly Winter 2012 (Forza Motorsport 4),132.37,2/25/2012,finland
Forza Motorsport 6,2015,Racing,42350,9,35,Forza Racing Championship Season 2 Grand Final,35800,12/11/2016,united states
Forza Motorsport 7,2017,Racing,645200,9,102,ForzaRC IS 2019 F,230000,11/24/2019,united states
Gran Turismo 3: A-Spec,2001,Racing,3250,2,4,MLG New York Championships 2004 (GT3),1750,10/26/2004,united states
Gran Turismo 4,2004,Racing,44000,2,5,ESWC 2006 (Gran Turismo 4),32000,7/2/2006,france
Gran Turismo Sport,2017,Racing,4020,2,9,GP eRacing Series 2019,3465,12/8/2019,thailand
GRID (2019),2019,Racing,218.75,1,3,GRID Arena Cup,218.75,12/6/2019,united kingdom
iRacing.com,2008,Racing,882787.78,82,620,eNPAiS 2019,112000,10/8/2019,online
KartRider,2004,Racing,567366.35,20,76,KartRider League Dual Race 2016 (Team Ranking),71668,11/5/2016,south korea
Live for Speed,2003,Racing,9219.14,8,16,EPS Germany 3 Finals (LFS),2491.62,12/14/2003,germany
Mad Skills Motocross 2,2017,Racing,20163,1,12,Mad Skill Motocross 2 World Championship,20163,1/5/2017,sweden
Mario Kart 8 Deluxe,2017,Racing,1754.44,4,30,SNS50,700,1/11/2020,united states
NASCAR Thunder 2002,2001,Racing,7679.25,1,0,EPS Germany 1 Finals (NASCAR 2002),7679.25,12/15/2002,germany
NASCAR Thunder 2003,2002,Racing,5933.5,1,0,EPS Germany 2 Finals (NASCAR 2003),5933.5,6/15/2003,germany
Need for Speed Carbon,2006,Racing,36322.58,4,12,WCG 2007 (NfS:Carbon),20000,10/7/2007,united states
Need for Speed: Most Wanted,2005,Racing,35694.54,7,18,WCG 2006 (NfS:MW),27000,10/22/2006,italy
Need for Speed: ProStreet,2007,Racing,32208.46,3,12,WCG 2008 (NfS:PS),17500,11/9/2008,germany
Need for Speed: Shift,2009,Racing,10500,1,3,ESWC 2010 (NfS:Shift),10500,7/4/2010,france
Need for Speed: Underground,2003,Racing,35000,1,3,WCG 2004 (NfS:Underground),35000,10/10/2004,united states
Need for Speed: Underground 2,2004,Racing,35000,3,6,WCG 2005 (NfS:U2),35000,11/20/2005,singapore
Project Cars,2015,Racing,41523.71,109,39,LGCS 2016 Console,6200,11/14/2016,online
Project Cars 2,2017,Racing,66150,22,37,2019 Playseat® SMS-R Series - PRO,19320,5/11/2019,united kingdom
Project Gotham Racing 2,2003,Racing,35000,2,4,WCG 2004 (PGR2),35000,10/10/2004,united states
Project Gotham Racing 3,2005,Racing,297286.85,10,33,CGS 2007 (PGR3),191000,12/15/2007,united states
Project Gotham Racing 4,2007,Racing,25208.46,4,5,WCG 2008 (PGR 4),17500,11/9/2008,germany
RaceRoom Racing Experience,2013,Racing,85218.7,17,142,WTCR LE 2018 - MC  D1,18080,5/12/2018,online
rFactor 2,2013,Racing,1156950.81,29,137,2017 Las Vegas eRace,1000000,1/7/2017,united states
Trackmania (2020),2020,Racing,56.21,1,3,Marius89 2k89 Followers Cup,56.21,7/6/2020,online
TrackMania 2: Canyon,2011,Racing,22098.74,36,21,ESWC 2012 (TM2: Canyon),10000,11/3/2012,france
TrackMania 2: Stadium,2013,Racing,198035.21,278,342,ESWC PGW Open (TrackMania 2: Stadium),15000,11/1/2015,france
Trackmania 2: Valley,2013,Racing,779.34,2,6,Gamers Assembly 2015 (TM2: Valley),540.66,4/6/2015,france
TrackMania Nations,2006,Racing,93381.66,8,18,TMN Verizon Playlinc,40000,11/16/2006,online
TrackMania Nations Forever,2008,Racing,164729.3,71,109,ESWC 2008 (TrackMania Nations Forever),23000,8/27/2008,united states
Trackmania Turbo,2016,Racing,566.91,1,3,TrackMania Turbo Launch Tournament,566.91,4/16/2016,online
Trackmania United,2006,Racing,1027.5,1,3,Cyber-meeting 2007,1027.5,11/3/2007,france
Trackmania United Forever,2008,Racing,0,0,0,Gamers Assembly 2011 (TM United Forever),0,4/25/2011,france
Trials Fusion,2014,Racing,0,0,0,NA,NA,NA,NA
Turbo Racing League,2013,Racing,1000000,9,16,"Turbo Racing League $1,000,000 Shell-Out (Final Race)",500000,7/17/2013,united states
Carom 3D,1999,Sports,60500,4,11,WCG 2007 (Carom 3D),20000,10/7/2007,united states
Dream league Soccer,2019,Sports,0,0,0,NA,NA,NA,NA
FIFA 03,2002,Sports,54066.44,3,10,WCG 2003 (FIFA 2003),35000,10/18/2003,south korea
FIFA 04,2003,Sports,40000,3,3,WCG 2004 (FIFA 2004),40000,10/10/2004,united states
FIFA 05,2004,Sports,57728.01,8,5,WCG 2005 (FIFA 2005),35000,11/20/2005,singapore
FIFA 06,2005,Sports,110764.53,10,21,WCG 2006 (FIFA 06),27000,10/22/2006,italy
FIFA 07,2006,Sports,237812.23,13,42,CGS 2007 (FIFA 07),95500,12/15/2007,united states
FIFA 08,2007,Sports,207129.94,17,68,CGS 2008 (FIFA 08),91000,7/28/2008,united states
FIFA 09,2008,Sports,121618.34,19,52,VFBL Season 1,38402.95,2/8/2009,germany
FIFA 10,2009,Sports,117026.71,48,64,FIFA Interactive World Cup 2010,26000,5/1/2010,spain
FIFA 11,2010,Sports,93983.77,78,72,FIFA Interactive World Cup 2011,26000,6/9/2011,united states
FIFA 12,2011,Sports,54431.52,66,53,FIFA Interactive World Cup 2012,26000,5/23/2012,qatar
FIFA 13,2012,Sports,458427.82,62,53,Virgin Gaming FIFA Challenge 2013,400000,2/9/2013,united states
FIFA 14,2013,Sports,96347.81,69,57,FIFA Interactive World Cup 2014,26000,7/4/2014,brazil
FIFA 15,2014,Sports,144373.99,352,169,FIFA Interactive World Cup 2015,26000,5/19/2015,germany
FIFA 16,2015,Sports,117828.11,28,61,FIFA Interactive World Cup 2016,26000,3/22/2016,united states
FIFA 17,2016,Sports,1482612.63,48,156,FUT Championship 2017 - Finals 2017,400000,5/20/2017,germany
FIFA 18,2017,Sports,2233697.69,48,238,FIFA eWorld Cup 2018 - Grand Finals,400000,8/4/2018,united kingdom
FIFA 19,2018,Sports,3242642.34,48,303,FIFA eWorld Cup 2019 - Grand Final,500000,8/4/2019,united kingdom
FIFA 20,2019,Sports,1068673.72,38,239,FUT Champions Cup Stage 1 - Bucharest 2019,200000,11/10/2019,romania
FIFA 2000,1999,Sports,50000,1,4,WCG Challenge 2000 (FIFA 2000),50000,10/15/2000,south korea
FIFA 2001,2000,Sports,46000,2,9,WCG 2001 (FIFA 2001),35000,12/9/2001,south korea
FIFA 2002 World Cup,2002,Sports,43000,1,8,WCG 2002 (2002 FIFA World Cup),43000,11/3/2002,south korea
FIFA Online 3,2012,Sports,1434341.9,9,89,EA Champions Cup Winter 2016,500000,12/18/2016,thailand
FIFA Online 4,2018,Sports,679240,4,84,EA Champions Cup Winter 2018,240000,11/17/2018,south korea
Guitar Hero 5,2009,Sports,10500,1,3,ESWC 2010 (GH5),10500,7/4/2010,france
Guitar Hero III: Legends of Rock,2007,Sports,19000,2,8,Rock the Lake Guitar Hero Tournament,19000,6/8/2008,united states
Guitar Hero: World Tour,2008,Sports,0,0,0,NA,NA,NA,NA
Just Dance 2014,2014,Sports,0,1,3,ESWC 2014 (Just Dance),0,11/2/2014,france
Madden NFL 19,2018,Sports,125000,3,5,Madden 19 Bowl,85000,4/27/2019,united states
Madden NFL 2004,2003,Sports,1500,1,3,MLG New York 2004 (Madden 2004),1500,10/26/2003,united states
Madden NFL 2006,2005,Sports,100000,1,1,ESPN2 Madden Nation Season 1,100000,1/3/2006,united states
Madden NFL 2007,2006,Sports,100000,1,1,ESPN2 Madden Nation Season 2,100000,1/3/2007,united states
Madden NFL 2008,2007,Sports,100000,1,1,ESPN2 Madden Nation Season 3,100000,10/30/2007,united states
Madden NFL 2009,2008,Sports,100000,1,1,ESPN2 Madden Nation Season 4,100000,10/28/2008,united states
Madden NFL 2013,2012,Sports,400000,1,8,Virgin Gaming MADDEN Challenge 2013,400000,2/9/2013,united states
Madden NFL 2016,2015,Sports,50000,1,8,Madden NFL 16 Championship,50000,6/15/2016,united states
Madden NFL 2017,2016,Sports,1004000,5,42,Madden Championship 2017,500000,5/14/2017,united states
Madden NFL 2018,2017,Sports,279676.62,3,40,Madden Club Championship,259000,2/1/2018,online
Mario Tennis Aces,2018,Sports,51.3,1,3,FTVOC2 MTA,51.3,1/13/2019,online
NBA 2K Online,2012,Sports,0,0,0,NESO 2014 (NBA 2K Online),0,12/7/2014,china
NBA 2K18,2017,Sports,1000000,4,91,NBA 2K League 2018 Playoffs,600000,8/25/2018,united states
NBA 2K19,2018,Sports,0,0,0,NA,NA,NA,NA
NHL '94,1993,Sports,3818.56,8,25,King of '94 (Genesis),1345.6,9/12/2015,canada
NHL 12,2011,Sports,702.93,2,6,LanTrek 2012 (NHL 12),570.56,1/15/2012,finland
NHL 13,2012,Sports,70000,1,1,Virgin Gaming NHL Challenge 2013,70000,2/9/2013,united states
NHL 14,2013,Sports,3023.96,3,6,UGC Niagara 2014 (NHL 14),1822.4,5/4/2014,canada
NHL 15,2014,Sports,3157.16,3,3,UGC Niagara 2015 (NHL 15),1765.26,4/26/2015,canada
NHL 17,2016,Sports,0,0,0,NA,NA,NA,NA
NHL 18,2017,Sports,102700,6,20,NHL Gaming World Championship,85000,6/26/2018,united states
NHL 19,2018,Sports,22566.67,8,10,Leafs Gaming Finals,7500,1/3/2019,canada
Pro Evolution Soccer 2008,2007,Sports,2084.15,3,6,EPS France IV (PES 2008),1390.1,3/23/2008,france
Pro Evolution Soccer 2009,2008,Sports,1395.97,2,5,EMS Season IV (PES09),713.06,8/2/2009,online
Pro Evolution Soccer 2013,2012,Sports,0,0,0,NA,NA,NA,NA
Pro Evolution Soccer 2014,2013,Sports,29410.25,1,4,PES 2014 World Finals,29410.25,7/2/2014,united states
Pro Evolution Soccer 2015,2014,Sports,26544.76,1,3,PES 2015 World Finals,26544.76,6/10/2015,germany
Pro Evolution Soccer 2016,2015,Sports,27243.84,6,17,PES 2016 World Finals,25995.57,5/27/2016,italy
Pro Evolution Soccer 2017,2016,Sports,514697.71,16,39,PES 2017 World Finals,350000,6/2/2017,united states
Pro Evolution Soccer 2018,2017,Sports,250000,3,20,PES 2018 World Finals (3v3),174000,7/22/2018,spain
Pro Evolution Soccer 2019,2019,Sports,216000,2,25,PES 2019 World Finals (3v3),157200,6/29/2019,united states
Pro Evolution Soccer 3,2003,Sports,25000,2,8,ESWC 2004 (PES3),25000,7/11/2004,france
Pro Evolution Soccer 4,2004,Sports,40550.64,2,11,ESWC 2005 (PES4),40000,7/10/2005,france
Pro Evolution Soccer 5,2005,Sports,32000,1,4,ESWC 2006 (PES5),32000,7/2/2006,france
Pro Evolution Soccer 6,2006,Sports,20216.82,2,5,ESWC 2007 (PES6),19000,7/8/2007,france
Rocket League,2015,Sports,8974653.73,1050,980,RLCS Season 7 - Finals,529500,6/23/2019,united states
Soccer Stars,2018,Sports,0,0,0,NA,NA,NA,NA
Artifact,2018,Collectible Card Game,119093.54,165,275,WePlay! Artifact Mighty Triad: Agility,15000,1/20/2019,online
Faeria,2017,Collectible Card Game,0,0,0,NA,NA,NA,NA
Gwent,2016,Collectible Card Game,820757.17,109,317,GWENT Challenger #1,100000,5/13/2017,poland
Hand of the Gods,2017,Collectible Card Game,94434.2,36,48,Hand of the Gods Founder’s Tournament,50000,1/7/2018,united states
Hearthstone,2014,Collectible Card Game,21655336.92,876,2364,BlizzCon 2016 (Hearthstone),1000000,11/5/2016,united states
Legends of Runeterra,2020,Collectible Card Game,18481.03,3,14,Legends of Runeterra Invitational 2020,12075,3/17/2020,online
Magic: The Gathering Arena,2018,Collectible Card Game,5512000,36,232,Magic World Championship XXVI,1000000,2/16/2020,united states
Magic: The Gathering Online,2002,Collectible Card Game,1218000,10,130,2017 Magic Online Championship,200000,3/4/2018,united states
Pokémon TCG,1996,Collectible Card Game,0,0,0,NA,NA,NA,NA
Shadowverse,2016,Collectible Card Game,3211177.09,42,239,Shadowverse World Grand Prix 2019,1387727.29,12/27/2019,japen
Shardbound,2017,Collectible Card Game,0,0,0,NA,NA,NA,NA
The Elder Scrolls: Legends,2017,Collectible Card Game,5000,1,3,QuakeCon 2017: The Elder Scrolls: Legends Tournament,5000,8/24/2017,united states
Yu-Gi-Oh! Duel Links,2016,Collectible Card Game,48746.72,219,328,MCS VI,4570,3/4/2018,online
Catherine,2011,Puzzle Game,1470,6,9,Genesis 4 (Catherine),340,1/21/2017,united states
Catherine: Full Body,2019,Puzzle Game,185,1,3,AnimEVO 2019 (Catherine:FB),185,8/3/2019,united states
Magical Drop III,1997,Puzzle Game,130,1,3,Hyper Drive 2020 (MDIII),130,2/2/2020,united states
Pac-man,1981,Puzzle Game,0,0,0,NA,NA,NA,NA
Puyo Puyo Champions,2019,Puzzle Game,2071.8,3,9,Stunfest 2019 (PPC),1786.8,5/19/2019,france
Puyo Puyo Tetris,2014,Puzzle Game,2548.94,12,27,Animethon 26 (PPT),416.08,8/12/2019,canada
Tetris,1989,Puzzle Game,15500,5,21,CTWC 2019,10000,10/20/2019,united states
Tetris Ultimate,2014,Puzzle Game,221,1,3,Frosty Faustings IX: Tetris Ultimate Vs. Battle,221,1/28/2017,united states
Wise Star 2,2008,Puzzle Game,12000,1,3,WCG 2009 - Wise Star 2,12000,11/15/2009,china
Apex Legends,2019,Battle Royale,3686871.69,143,1036,Apex Legends Preseason Invitational,500000,9/15/2019,poland
Fortnite,2017,Battle Royale,90037277.34,564,3352,Fortnite World Cup Finals 2019 - Solo,15287500,7/28/2019,united states
Free Fire,2017,Battle Royale,913392.23,12,289,Free Fire World Series 2019,380000,11/16/2019,brazil
H1Z1,2016,Battle Royale,2067122,13,119,H1Z1: Fight for the Crown,300000,4/20/2017,united states
PLAYERUNKNOWN'S BATTLEGROUNDS Mobile,2017,Battle Royale,3727653.07,38,967,PUBG Mobile Club Open - Fall Split Global Finals,476000,12/1/2019,malaysia
PLAYERUNKNOWN’S BATTLEGROUNDS,2017,Battle Royale,22936578.57,290,2728,PUBG Global Championship 2019,4080000,11/24/2019,united states
Ring of Elysium,2018,Battle Royale,70000,4,9,ROE Amazon Cup,60000,8/11/2019,online
Rules Of Survival,2017,Battle Royale,0,0,0,NA,NA,NA,NA
Gears 5,2019,Third-Person Shooter,500000,4,72,GPC San Diego Major 2020,240000,12/8/2019,united states
Gears of War,2006,Third-Person Shooter,252195.57,18,33,MLG Las Vegas 2007 (Gears of War),70000,10/14/2007,united states
Gears of War 2,2008,Third-Person Shooter,135000,5,0,MLG Orlando 2009 (Gears of War 2),75000,1/10/2010,united states
Gears of War 3,2011,Third-Person Shooter,7255.81,4,13,EGL 5 (Gears of War 3),2738.61,4/8/2012,united kingdom
Gears of War 4,2016,Third-Person Shooter,3087285,41,135,Gears Pro Circuit Boston 2019,300000,4/29/2019,united states
Gears of War: Ultimate Edition,2015,Third-Person Shooter,170000,3,39,ESL GoW Pro League Season 1,60000,1/10/2016,united states
